feature1,feature2,feature3,label
3.75,0.31,6.42,Producto_B
9.51,6.36,0.84,Producto_A
7.32,3.14,1.62,Producto_A
5.99,5.09,8.99,Producto_A
1.56,9.08,6.06,Producto_A
1.56,2.49,0.09,Producto_B
0.58,4.1,1.01,Producto_B
8.66,7.56,6.64,Producto_A
6.01,2.29,0.05,Producto_B
7.08,0.77,1.61,Producto_B
0.21,2.9,5.49,Producto_B
9.7,1.61,6.92,Producto_A
8.32,9.3,6.52,Producto_A
2.12,8.08,2.24,Producto_A
1.82,6.33,7.12,Producto_B
1.83,8.71,2.37,Producto_A
3.04,8.04,3.25,Producto_A
5.25,1.87,7.46,Producto_B
4.32,8.93,6.5,Producto_A
2.91,5.39,8.49,Producto_B
6.12,8.07,6.58,Producto_A
1.39,8.96,5.68,Producto_A
2.92,3.18,0.94,Producto_B
3.66,1.1,3.68,Producto_B
4.56,2.28,2.65,Producto_B
7.85,4.27,2.44,Producto_A
2.0,8.18,9.73,Producto_A
5.14,8.61,3.93,Producto_A
5.92,0.07,8.92,Producto_B
0.46,5.11,6.31,Producto_B
6.08,4.17,7.95,Producto_A
1.71,2.22,5.03,Producto_B
0.65,1.2,5.77,Producto_B
9.49,3.38,4.93,Producto_A
9.66,9.43,1.95,Producto_A
8.08,3.23,7.22,Producto_A
3.05,5.19,2.81,Producto_B
0.98,7.03,0.24,Producto_B
6.84,3.64,6.45,Producto_A
4.4,9.72,1.77,Producto_A
1.22,9.62,9.4,Producto_A
4.95,2.52,9.54,Producto_B
0.34,4.97,9.15,Producto_B
9.09,3.01,3.7,Producto_A
2.59,2.85,0.15,Producto_B
6.63,0.37,9.28,Producto_B
3.12,6.1,4.28,Producto_B
5.2,5.03,9.67,Producto_A
5.47,0.51,9.64,Producto_B
1.85,2.79,8.53,Producto_B
9.7,9.08,2.94,Producto_A
7.75,2.4,3.85,Producto_A
9.39,1.45,8.51,Producto_A
8.95,4.89,3.17,Producto_A
5.98,9.86,1.69,Producto_A
9.22,2.42,5.57,Producto_A
0.88,6.72,9.36,Producto_B
1.96,7.62,6.96,Producto_B
0.45,2.38,5.7,Producto_B
3.25,7.28,0.97,Producto_A
3.89,3.68,6.15,Producto_B
2.71,6.32,9.9,Producto_B
8.29,6.34,1.4,Producto_A
3.57,5.36,5.18,Producto_B
2.81,0.9,8.77,Producto_B
5.43,8.35,7.41,Producto_A
1.41,3.21,6.97,Producto_B
8.02,1.87,7.02,Producto_B
0.75,0.41,3.59,Producto_B
9.87,5.91,2.94,Producto_A
7.72,6.78,8.09,Producto_A
1.99,0.17,8.1,Producto_B
0.06,5.12,8.67,Producto_B
8.15,2.26,9.13,Producto_A
7.07,6.45,5.11,Producto_A
7.29,1.74,5.02,Producto_B
7.71,6.91,7.98,Producto_A
0.74,3.87,6.5,Producto_B
3.58,9.37,7.02,Producto_A
1.16,1.38,7.96,Producto_B
8.63,3.41,8.9,Producto_A
6.23,1.13,3.38,Producto_B
3.31,9.25,3.76,Producto_A
0.64,8.77,0.94,Producto_B
3.11,2.58,5.78,Producto_B
3.25,6.6,0.36,Producto_B
7.3,8.17,4.66,Producto_A
6.38,5.55,5.43,Producto_A
8.87,5.3,2.87,Producto_A
4.72,2.42,5.91,Producto_B
1.2,0.93,0.31,Producto_B
7.13,8.97,0.37,Producto_A
7.61,9.0,8.23,Producto_A
5.61,6.33,3.6,Producto_A
7.71,3.39,1.27,Producto_A
4.94,3.49,5.22,Producto_B
5.23,7.26,7.7,Producto_A
4.28,8.97,2.16,Producto_A
0.25,8.87,6.23,Producto_B
1.08,7.8,0.85,Producto_B
